"","name","mass","hd","hip","teff","ra","dec","min_time","max_time","time_span","rms","nsets","ndata","telescopes","fn"
"1","11 Com",2.7,"HD 107383","HIP 60202",4742,185.179276,17.792868,2453002.2791,2454143.2374,1140.95830000006,159.84,2,46,"16M, 88M","11Com.sys"
"2","11 UMi",1.8,"HD 136726","HIP 74793",4340,229.274536,71.823898,2453051.708713,2454338.545262,1286.83654899988,137.29,1,58,"JENSCH","11UMi.sys"
"3","14 And",2.2,"HD 221345","HIP 116076",4813,352.822571,39.236198,2453005.9546,2454491.8965,1485.94189999998,71.82,1,34,"88M","14And.sys"
"4","14 Her",0.9,"HD 145675","HIP 79248",5311,242.601303,43.817646,2449464.5956,2453927.75413,4463.15852999967,66.34,3,203,"KECK, ELODIE, HJS","14Her.sys"
"5","16 Cyg B",0.99,"HD 186427","HIP 96901",5674,295.466553,50.517525,2446957.926,2453927.90889,6969.9828900001,87.95,3,574,"LICK, HJS, HJS","16CygB.sys"
"6","18 Del",2.3,"HD 199665","HIP 103527",4979,314.608063,10.839286,2452489.1422,2454261.2661,1772.12390000001,81.87,1,51,"88M","18Del.sys"
"7","24 Sex",1.54,"HD 90043","HIP 50887",5098,155.86821,-0.902244,2453405.936,2455312.791,1906.85499999998,33.89,2,74,"LICK, KECK","24Sex.sys"
"8","30 Ari B",1.16,"HD 16232","HIP 12184",6300,39.240585,24.648064,2452545.536478,2454758.610225,2213.07374699973,231.02,1,98,"TAUTENBERG","30AriB.sys"
"9","42 Dra",0.98,"HD 170693","HIP 90344",4200,276.496399,65.563484,2453128.419501,2454337.334089,1208.91458799969,93.83,1,45,"JENSCH","42Dra.sys"
"10","47 UMa",1.03,"HD 95128","HIP 53721",5892,164.866562,40.430256,2446959.737,2454632.71638,7672.97937999992,34.8,4,255,"HJS, HET, ELODIE, LICK","47UMa.sys"
"11","51 Peg",1.12,"HD 217014","HIP 113357",5793,344.366577,20.768833,2449610.5268,2452887.5339,3277.00710000005,40.86,2,409,"LICK, ELODIE","51Peg.sys"
"12","55 Cnc",0.91,"HD 75732","HIP 43587",5196,133.149216,28.330818,2447578.73,2454255.737,6677.00700000022,60.58,4,487,"LICK, KECK, ELODIE, HET","55Cnc.sys"
"13","61 Vir",0.94,"HD 115617","HIP 64924",5577,199.601318,-18.311195,2444655.009,2455058.8914,10403.8824,11.3,3,232,"KECK, AAT, CFHT","61Vir.sys"
"14","6 Lyn",1.7,"HD 45410","HIP 31039",4978,97.696281,58.162632,2453028.2002,2454556.984,1528.78380000032,28.9,1,30,"88M","6Lyn.sys"
"15","70 Vir",1.11,"HD 117176","HIP 65721",5545,202.107544,13.778788,2447195.027622,2452776.4905,5581.46287799999,210.08,2,109,"LICK, ELODIE","70Vir.sys"
"16","75 Cet",2.49,"HD 15779","HIP 11791",4846,38.039253,-1.034896,2452311.964,2455920.00604,3608.04203999974,28.41,1,74,"OAO","75Cet.sys"
"17","7 CMa",1.52,"HD 47205","HIP 31592",4792,99.17099,-19.255878,2454866.098,2455783.31112,917.213119999971,29.09,1,21,"AAT","7CMa.sys"
"18","81 Cet",2.4,"HD 16400","HIP 12247",4785,39.424168,-3.396175,2452888.2622,2454526.9147,1638.65249999985,47.47,1,33,"88M","81Cet.sys"
"19","BD+14 4559",0.86,NA,"HIP 104780",5008,318.399963,14.689387,2453546.31624,2454811.05137,1264.73512999993,38.84,1,43,"HET","BD+144559.sys"
"20","BD+20 2457",2.8,NA,NA,4137,154.186905,19.891409,2453033.46852,2454866.44103,1832.97250999976,284.79,1,37,"HET","BD+202457.sys"
"21","BD-08 2823",0.74,NA,"HIP 49067",4746,150.198837,-9.51668,2453007.83343,2454848.79967,1840.96623999998,11.1,1,83,"ESO","BD-082823.sys"
"22","BD-10 3166",1.01,NA,NA,5393,164.619936,-10.770373,2451172.079988,2453398.001782,2225.92179400008,44.33,1,31,"KECK","BD-103166.sys"
"23","BD-13 2130",1,NA,NA,NA,114.288492,-13.906663,2452593.84866,2454122.71593,1528.86726999981,68.82,2,46,"6M, EULER","BD-132130.sys"
"24","BD-17 63",0.74,NA,"HIP 2247",4714,7.142942,-16.226345,2452943.610509,2454703.858883,1760.24837400019,0.13,1,26,"6M","BD-1763.sys"
"25","CoRoT-1",0.95,NA,NA,5950,102.079887,-3.102147,2454184.30498,2454381.63151,197.326530000195,0.18,1,9,"ELODIE","CoRoT-1.sys"
"26","CoRoT-16",1.1,NA,NA,5650,278.524689,-6.002595,2455012.9101,2455430.78491,417.87480999995,71.88,2,31,"KECK, ESO","CoRoT-16.sys"
"27","CoRoT-18",0.95,NA,NA,5440,98.172409,-0.031586,2455484.6704,2455590.7061,106.035699999891,390.52,3,34,"ELODIE, ESO, NOT","CoRoT-18.sys"
"28","CoRoT-19",1.21,NA,NA,6090,97.033585,-0.170681,2455513.6044,2455627.6633,114.058900000062,94.2,4,32,"ELODIE, MCDONALD, ESO, NOT","CoRoT-19.sys"
"29","CoRoT-2",0.96,NA,NA,5625,291.777069,1.383714,2454295.48408,2454378.56018,83.0761000001803,281.29,5,55,"ELODIE, 6M, EULER, ELODIE, 6M","CoRoT-2.sys"
"30","CoRoT-23",1.14,NA,NA,5900,279.782623,4.357806,2455657.87089,2455716.84835,58.9774600001983,284.71,1,10,"ESO","CoRoT-23.sys"
"31","CoRoT-25",1.09,NA,NA,6040,280.629669,6.513829,2455012.823144,2455826.55967,813.736525999848,35.12,2,34,"KECK, ESO","CoRoT-25.sys"
"32","CoRoT-26",1.09,NA,NA,5590,279.750519,6.969787,2455022.63404,2455827.56043,804.926390000153,62.59,1,24,"ESO","CoRoT-26.sys"
"33","CoRoT-27",1.05,NA,NA,5900,278.495819,5.538462,2456092.85927,2456161.61887,68.7595999999903,1005.74,1,13,"ESO","CoRoT-27.sys"
"34","CoRoT-3",1.37,NA,NA,6740,292.055267,0.12182,2454309.5696,2454704.685277,395.115677000023,1361.25,6,46,"6M, JENSCH, ELODIE, TELESCOPE, 6M, EULER","CoRoT-3.sys"
"35","CoRoT-4",1.16,NA,NA,6190,102.194664,-0.672774,2454405.6545,2454507.3778,101.723299999721,48.38,2,20,"ELODIE, 6M","CoRoT-4.sys"
"36","CoRoT-5",1,NA,NA,6100,101.277254,0.815239,2454463.4939,2454805.748602,342.254701999947,53.9,2,19,"ELODIE, 6M","CoRoT-5.sys"
"37","CoRoT-6",1.05,NA,NA,6090,281.072525,6.663194,2454642.5591,2454715.4002,72.841099999845,0.2,1,14,"ELODIE","CoRoT-6.sys"
"38","CoRoT-7",0.91,NA,NA,5259,100.956125,-1.063033,2454514.32514,2454884.646409,370.321268999949,0.01,2,111,"6M, ELODIE","CoRoT-7.sys"
"39","CoRoT-8",0.88,NA,NA,5080,291.588531,1.426452,2454314.40776,2455046.73467,732.326910000294,23.52,2,21,"ELODIE, ESO","CoRoT-8.sys"
"40","GJ 1214",0.16,NA,NA,3170,258.828827,4.96392,2454993.767485,2455049.562632,55.7951469998807,10.32,1,27,"6M","GJ1214.sys"
"41","GJ 179",0.36,NA,"HIP 22627",3370,73.023865,6.476539,2451580.83131,2455206.77569,3625.94438000023,18.74,2,44,"KECK, HET","GJ179.sys"
"42","GJ 3021",0.9,"HD 1237","HIP 1292",5540,4.052823,-79.851181,2451128.605866,2451587.516077,458.910211000126,0.11,1,61,"EULER","GJ3021.sys"
"43","GJ 317",0.42,NA,NA,3510,130.246735,-23.456289,2451550.993,2454255.745,2704.75200000033,52.67,1,18,"KECK","GJ317.sys"
"44","GJ 328",0.69,NA,"HIP 43790",3900,133.781754,1.546508,2452645.810376,2456398.63807,3752.82769399974,25.28,1,58,"HET","GJ328.sys"
"45","GJ 3470",0.51,NA,NA,3652,119.774345,15.391492,2454807.811989,2455961.736218,1153.92422899976,8.28,1,61,"ESO","GJ3470.sys"
"46","GJ 3634",0.45,NA,NA,NA,164.64624,-31.14399,2454915.70975,2455375.475411,459.765661000274,5.81,1,54,"ESO","GJ3634.sys"
"47","GJ 433",0.48,NA,"HIP 56528",3600,173.862289,-32.53997,2451634.678207,2454188.595868,2553.91766100004,4.71,1,166,"VLT","GJ433.sys"
"48","GJ 436",0.56,NA,"HIP 57087",3416,175.546219,26.70657,2451552.077,2453933.781,2381.70399999991,13.38,2,114,"KECK, KECK","GJ436.sys"
"49","GJ 581",0.31,NA,"HIP 74995",NA,229.861771,-7.72228,2453152.712894,2454722.472371,1569.75947699975,9.75,1,119,"6M","GJ581.sys"
"50","GJ 649",0.54,NA,"HIP 83043",3700,254.53688,25.74416,2451409.824,2455111.736,3701.91200000001,9.54,1,43,"KECK","GJ649.sys"
"51","GJ 674",0.35,NA,"HIP 85523",3600,262.166443,-46.895191,2453158.75187,2453983.52887,824.777000000235,0.01,1,32,"6M","GJ674.sys"
"52","GJ 676 A",0.71,NA,"HIP 85647",NA,262.546692,-51.636978,2453917.74799,2455711.71907,1793.97108000005,94.61,1,75,"ESO","GJ676A.sys"
"53","GJ 832",0.45,"HD 204961","HIP 106440",3472,323.391571,-49.009006,2451034.0873,2454553.3041,3519.21680000005,11.43,1,32,"AAT","GJ832.sys"
"54","GJ 849",0.49,NA,"HIP 109388",NA,332.418121,-4.640729,2451410.0215,2453960.9584,2550.93690000009,15.4,1,29,"KECK","GJ849.sys"
"55","GJ 86",0.77,"HD 13445","HIP 10138",5151,32.608059,-50.823723,2450831.034977,2454483.520342,3652.48536499962,267.87,2,66,NA,"GJ86.sys"
"56","GJ 876",0.33,NA,"HIP 113020",NA,343.319733,-14.2637,2449679.6316,2453369.708,3690.07640000014,161.69,2,171,"LICK, KECK","GJ876.sys"
"57","HAT-P-1",1.12,NA,NA,5975,344.445104,38.674953,2453897.11172,2454364.08441,466.972690000199,25.09,4,129,"SUBARU, SUBARU, KECK, SUBARU","HAT-P-1.sys"
"58","HAT-P-11",0.81,NA,"HIP 97657",4780,297.709351,48.080856,2454335.89332,2454790.68835,454.795030000154,10.22,1,53,"KECK","HAT-P-11.sys"
"59","HAT-P-12",0.73,NA,NA,4650,209.389496,43.493534,2454187.03115,2454674.76312,487.731969999615,25.81,1,21,"KECK","HAT-P-12.sys"
"60","HAT-P-13",1.22,NA,NA,5653,129.882538,47.352051,2454548.8065,2455260.85979,712.053290000185,110.35,1,96,"KECK","HAT-P-13.sys"
"61","HAT-P-14",1.39,NA,NA,6600,260.11618,38.242165,2454602.85803,2455106.77226,503.914230000228,158.88,1,14,"KECK","HAT-P-14.sys"
"62","HAT-P-15",1.01,NA,NA,5568,66.248024,39.460636,2454337.11515,2455193.91529,856.800139999948,119.92,1,23,"KECK","HAT-P-15.sys"
"63","HAT-P-16",1.22,NA,NA,6140,9.573181,42.463078,2455017.09285,2455135.02181,117.928959999699,459.47,3,27,"KECK, NOT, NOT","HAT-P-16.sys"
"64","HAT-P-18",0.77,NA,NA,4803,256.346466,33.012512,2454397.7342,2455261.11905,863.384850000031,23.66,1,24,"KECK","HAT-P-18.sys"
"65","HAT-P-2",1.36,"HD 147506","HIP 80076",6290,245.151489,41.048084,2453813.0208,2454603.9321,790.911299999803,581.94,5,153,"KECK, LICK, KECK, TILLINGHAST, ELODIE","HAT-P-2.sys"
"66","HAT-P-20",0.76,NA,NA,4595,111.916466,24.33663,2454934.84149,2455192.11754,257.276049999986,1200.19,1,10,"KECK","HAT-P-20.sys"
"67","HAT-P-21",0.95,NA,NA,5588,171.274948,41.027954,2454954.92307,2455229.12322,274.200149999931,387.7,1,15,"KECK","HAT-P-21.sys"
"68","HAT-P-22",0.92,"HD 233731",NA,5302,155.681717,50.128345,2454928.94934,2455193.93435,264.985010000411,248.22,1,12,"KECK","HAT-P-22.sys"
"69","HAT-P-23",1.13,NA,NA,5905,306.12384,16.762152,2454638.10601,2455193.7108,555.604789999779,276.66,1,13,"KECK","HAT-P-23.sys"
"70","HAT-P-24",1.19,NA,NA,6373,108.825058,14.262599,2454928.76217,2455193.85228,265.090110000223,68.13,1,18,"KECK","HAT-P-24.sys"
"71","HAT-P-25",1.01,NA,NA,5500,48.435417,25.197405,2455188.91303,2455251.84005,62.9270200002939,55.3,1,8,"KECK","HAT-P-25.sys"
"72","HAT-P-26",0.82,NA,NA,5079,213.156387,4.059997,2455193.11925,2455375.80851,182.689259999897,6.8,1,12,"KECK","HAT-P-26.sys"
"73","HAT-P-27",0.94,NA,NA,5300,222.767441,5.947368,2455686.69104,2455695.757478,9.06643800018355,41.47,1,36,"ESO","HAT-P-27.sys"
"74","HAT-P-28",1.02,NA,NA,5680,13.000766,34.728413,2455107.11869,2455251.75531,144.636620000005,69.56,2,17,"KECK, NOT","HAT-P-28.sys"
"75","HAT-P-29",1.21,NA,NA,6087,33.131142,51.778759,2455466.00284,2455544.9559,78.9530599997379,66.49,1,8,"KECK","HAT-P-29.sys"
"76","HAT-P-3",0.92,NA,NA,5185,206.09411,48.02867,2454187.01101,2454278.86111,91.8500999999233,76.62,1,9,"KECK","HAT-P-3.sys"
"77","HAT-P-30",1.24,NA,NA,6304,123.949898,5.836719,2455313.78961,2455614.01252,300.222910000011,33.89,2,77,"SUBARU, KECK","HAT-P-30.sys"
"78","HAT-P-35",1.24,NA,NA,6096,123.250763,4.787023,2455466.12094,2455545.14866,79.0277200001292,119.01,2,12,"KECK, NOT","HAT-P-35.sys"
"79","HAT-P-36",1.02,NA,NA,5560,188.266251,44.915352,2455547.02139,2455559.99613,12.974739999976,238.06,1,7,"FLWO","HAT-P-36.sys"
"80","HAT-P-37",0.93,NA,NA,5500,284.296051,51.269138,2455646.92799,2455698.79464,51.8666499997489,139.84,1,13,"FLWO","HAT-P-37.sys"
"81","HAT-P-39",1.4,NA,NA,6430,113.758247,17.830082,2454954.81362,2455699.76307,744.949449999724,67.35,1,28,"KECK","HAT-P-39.sys"
"82","HAT-P-4",1.26,NA,NA,5860,229.991355,36.22962,2454186.98522,2454279.86357,92.8783499998972,59.17,1,9,"KECK","HAT-P-4.sys"
"83","HAT-P-40",1.51,NA,NA,6080,335.512848,45.457378,2455191.81591,2455853.75742,661.941510000266,41.44,1,13,"KECK","HAT-P-40.sys"
"84","HAT-P-41",1.42,NA,NA,6390,297.322662,4.672421,2455375.9705,2455814.94017,438.96967000002,80.27,2,22,"KECK, NOT","HAT-P-41.sys"
"85","HAT-P-49",1.54,"HD 340099",NA,6820,305.441406,26.692652,2456110.90255,2456237.64971,126.747159999795,181.59,2,22,"FLWO, ELODIE","HAT-P-49.sys"
"86","HAT-P-5",1.16,NA,NA,5960,274.405487,36.62141,2454227.5199,2454255.5171,27.9971999996342,92.66,1,8,"ELODIE","HAT-P-5.sys"
"87","HAT-P-6",1.29,NA,NA,6570,354.774231,42.465973,2454022.70228,2454337.86117,315.158890000079,84.17,1,15,"KECK","HAT-P-6.sys"
"88","HAT-P-7",1.47,NA,NA,6350,292.247314,47.969513,2454336.7396,2455044.07369,707.334090000018,115.5,2,86,"SUBARU, KECK","HAT-P-7.sys"
"89","HAT-P-8",1.28,NA,NA,6200,343.041077,35.447109,2454336.83041,2454427.80583,90.9754200000316,113.58,1,10,"KECK","HAT-P-8.sys"
"90","HAT-P-9",1.28,NA,NA,6350,110.168526,37.140652,2454233.3347,2454591.3647,358.029999999795,65.24,1,15,"ELODIE","HAT-P-9.sys"
"91","HATS-1",0.99,NA,NA,5870,175.52533,-23.354836,2455701.46966,2456035.651,334.181340000127,172.77,3,33,"ESO, ESO, AAT","HATS-1.sys"
"92","HATS-2",0.88,NA,NA,5227,176.73909,-22.562992,2455701.52346,2456035.674,334.150540000293,221.33,3,18,"ESO, ESO, AAT","HATS-2.sys"
"93","HD 100655",1,"HD 100655","HIP 56508",NA,173.76564,20.441545,2453428.2166,2455026.9737,1598.75710000005,26.44,2,45,"OAO, BOAO","HD100655.sys"
"94","HD 100777",1,"HD 100777","HIP 56572",NA,173.964676,-4.755697,2453063.7383,2453920.511,856.772700000089,0.02,1,29,"6M","HD100777.sys"
"95","HD 101930",1,"HD 101930","HIP 57172",NA,175.875458,-58.006886,2453038.78552,2453400.81929,362.033770000096,0.01,1,16,"6M","HD101930.sys"
"96","HD 102117",1,"HD 102117","HIP 57291",NA,176.210251,-58.703709,2450946.95735,2453571.873039,2624.91568900039,8.16,2,57,"AAT, 6M","HD102117.sys"
"97","HD 102195",1,"HD 102195","HIP 57370",NA,176.426224,2.821483,2453372.014,2453936.476701,564.462700999808,68.52,4,78,"6M, 1M, 9M, HET","HD102195.sys"
"98","HD 104985",1,"HD 104985","HIP 58952",NA,181.312988,76.905731,2451982.1212,2454216.1184,2233.9972000001,126.72,1,52,"88M","HD104985.sys"
"99","HD 106252",1,"HD 106252","HIP 59610",NA,183.372955,10.041638,2450509.5887,2462295.022,11785.4332999997,84.12,5,125,"HJS, HET, LICK, ELODIE, LICK","HD106252.sys"
"100","HD 10647",1.11,"HD 10647","HIP 7978",6218,25.622149,-53.740833,2450831.018912,2453574.260298,2743.24138600007,14.13,1,28,"AAT","HD10647.sys"
"101","HD 10697",1,"HD 10697","HIP 8159",NA,26.232603,20.083149,2450367.061748,2454424.59411,4057.53236200009,73.48,3,131,"HJS, HET, KECK","HD10697.sys"
"102","HD 107148",1,"HD 107148","HIP 60081",NA,184.806213,-3.319789,2451553.076875,2453754.077789,2201.00091399997,7.61,1,35,"KECK","HD107148.sys"
"103","HD 108147",1,"HD 108147","HIP 60644",NA,186.44278,-64.022087,2450830.242789,2453516.99066,2686.74787100032,26.26,2,172,"AAT, EULER","HD108147.sys"
"104","HD 108874",1,"HD 108874","HIP 61028",NA,187.612015,22.879829,2451372.747234,2454545.022234,3172.27499999991,22.46,2,95,"KECK, HET","HD108874.sys"
"105","HD 109749",1,"HD 109749","HIP 61595 A",NA,189.318237,-40.812115,2453015.16544,2453551.80551,536.640069999732,17.82,1,21,"KECK","HD109749.sys"
"106","HD 111232",0.78,"HD 111232","HIP 62534",5494,192.215637,-68.425148,2450863.4875,2452794.5803,1931.09280000022,104.41,2,53,"MAGELLAN, EULER","HD111232.sys"
"107","HD 114386",1,"HD 114386","HIP 64295",NA,197.665924,-35.054783,2451246.7886,2452796.6136,1549.82499999972,0.03,1,58,"EULER","HD114386.sys"
"108","HD 114729",1,"HD 114729","HIP 64459",NA,198.184402,-31.873348,2450463.147373,2453425.087674,2961.94030099967,12.53,1,42,"KECK","HD114729.sys"
"109","HD 114762",1,"HD 114762","HIP 64426",NA,198.08226,17.517122,2447496.0033,2452033.864745,4537.86144499993,393.06,2,73,"LICK, HJS","HD114762.sys"
"110","HD 114783",1,"HD 114783","HIP 64457",NA,198.182434,-2.26504,2450983.79169,2454191.77547,3207.98378000036,26.61,2,88,"HET, KECK","HD114783.sys"
"111","HD 11506",1.24,"HD 11506","HIP 8770",6055,28.210558,-19.506975,2453014.73505,2454286.11838,1271.3833300001,64.88,1,26,"KECK","HD11506.sys"
"112","HD 117207",1,"HD 117207","HIP 65808",NA,202.337967,-35.570995,2450463.162419,2453425.090023,2961.92760399962,20.01,1,43,"KECK","HD117207.sys"
"113","HD 117618",1,"HD 117618","HIP 66047",NA,203.106476,-47.271362,2450831.185972,2453576.903253,2745.71728100022,9.67,1,57,"AAT","HD117618.sys"
"114","HD 118203",1,"HD 118203","HIP 66192",NA,203.510574,53.728531,2453151.4302,2453553.3845,401.954300000332,0.17,1,43,"ELODIE","HD118203.sys"
"115","HD 11964",1,"HD 11964","HIP 9094",NA,29.290026,-10.242428,2450365.979236,2454727.955961,4361.97672499996,7.23,1,119,"KECK","HD11964.sys"
"116","HD 120084",2.39,"HD 120084","HIP 66903",4892,205.663345,78.064438,2452758.08834,2456288.33466,3530.24632000038,23.15,1,33,"OAO","HD120084.sys"
"117","HD 121504",1,"HD 121504","HIP 68162",NA,209.321823,-56.040043,2451299.7398,2452796.6429,1496.90309999976,0.04,1,100,"EULER","HD121504.sys"
"118","HD 125612",1,"HD 125612","HIP 70123",NA,215.222977,-17.481522,2453190.83262,2454251.82778,1060.99515999993,63.23,1,19,"KECK","HD125612.sys"
"119","HD 12661",1,"HD 12661","HIP 9683",NA,31.142866,25.414305,2451155.746094,2454727.061644,3571.31554999994,59.54,2,106,"LICK, KECK","HD12661.sys"
"120","HD 128311",1,"HD 128311","HIP 71395",NA,219.002335,9.746518,2450983.827,2454318.61493,3334.78793000011,81.82,2,154,"HET, KECK","HD128311.sys"
"121","HD 129445",1,"HD 129445","HIP 72203",NA,221.512772,-68.762749,2452864.5311,2455017.62,2153.08890000032,32.25,1,17,"MAGELLAN","HD129445.sys"
"122","HD 130322",1,"HD 130322","HIP 72339",NA,221.886368,-0.281476,2451257.851949,2454251.84318,2993.99123100005,78.49,4,165,"HJS, HET, KECK, EULER","HD130322.sys"
"123","HD 131664",1,"HD 131664","HIP 73408",NA,225.025314,-73.535339,2453146.689878,2454609.613271,1462.92339299992,0.16,1,41,"6M","HD131664.sys"
"124","HD 132406",1,"HD 132406","HIP 73146",NA,224.227707,53.382168,2453152.4773,2454230.5803,1078.10300000012,56.68,2,21,"ELODIE, ELODIE","HD132406.sys"
"125","HD 132563",1,"HD 132563","HIP 73261 A",NA,224.589661,44.043148,2452013.6719,2455658.6217,3644.94980000006,23.81,1,47,"TNG","HD132563.sys"
"126","HD 134987",1,"HD 134987","HIP 74500",NA,228.369446,-25.309347,2450276.802,2455111.8779,4835.07590000005,34.23,2,138,"KECK, AAT","HD134987.sys"
"127","HD 136418",1,"HD 136418","HIP 74961",NA,229.775757,41.733208,2454216.954,2455256.997,1040.04300000006,31.84,1,24,"KECK","HD136418.sys"
"128","HD 139357",1,"HD 139357","HIP 76311",NA,233.81749,53.922142,2453051.72368,2454338.350758,1286.62707799999,112.08,1,49,"JENSCH","HD139357.sys"
"129","HD 141937",1,"HD 141937","HIP 77740",NA,238.07312,-18.436066,2451268.83702,2452150.540896,881.703875999898,0.11,1,81,"EULER","HD141937.sys"
"130","HD 142",1.23,"HD 142","HIP 522",6245,1.579898,-49.075191,2450830.958715,2453632.196664,2801.23794899974,28.52,1,53,"AAT","HD142.sys"
"131","HD 142022 A",1,"HD 142022 A","HIP 79242",NA,242.562592,-84.231613,2451359.59105,2453520.71375,2161.12270000018,26.86,2,76,"6M, EULER","HD142022A.sys"
"132","HD 142415",1,"HD 142415","HIP 78169",NA,239.419968,-60.200256,2451268.8546,2452797.7308,1528.87619999982,0.02,1,137,"EULER","HD142415.sys"
"133","HD 143361",1,"HD 143361","HIP 78521",NA,240.459778,-44.434536,2450864.5793,2454581.807762,3717.22846199991,38.76,2,18,"6M, MAGELLAN","HD143361.sys"
"134","HD 145377",1,"HD 145377","HIP 79346",NA,242.901855,-27.078173,2453542.633832,2454648.688288,1106.05445599975,0.17,1,64,"6M","HD145377.sys"
"135","HD 145457",1,"HD 145457","HIP 79219",NA,242.516312,26.74275,2453843.85343,2455233.29591,1389.44247999974,56,2,26,"SUBARU, 88M","HD145457.sys"
"136","HD 1461",1.02,"HD 1461","HIP 1499",5765,4.674448,-8.053001,2450366.93641,2455054.04263,4687.10621999996,3.81,2,164,"KECK, KECK","HD1461.sys"
"137","HD 147513",1,"HD 147513","HIP 80337",NA,246.005371,-39.192982,2451022.572,2452712.8544,1690.28239999991,0.02,1,30,"EULER","HD147513.sys"
"138","HD 148427",1,"HD 148427","HIP 80687",NA,247.117294,-13.39964,2452117.77468,2454866.07445,2748.29977000039,16.93,1,31,"LICK","HD148427.sys"
"139","HD 149026",1.34,"HD 149026","HIP 80838",6160,247.623413,38.347309,2453206.913796,2453602.745,395.831203999929,26.48,2,20,"SUBARU, KECK","HD149026.sys"
"140","HD 149143",1,"HD 149143","HIP 81022",NA,248.212708,2.084832,2453197.91,2453614.3141,416.404099999927,107.2,2,25,"KECK, ELODIE","HD149143.sys"
"141","HD 152079",1,"HD 152079","HIP 82632",NA,253.373901,-46.332958,2452917.4972,2455019.6938,2102.19659999991,13.75,1,15,"MAGELLAN","HD152079.sys"
"142","HD 153950",1,"HD 153950","HIP 83547",NA,256.128632,-43.309769,2452852.541834,2454643.794707,1791.25287299976,0.04,1,49,"6M","HD153950.sys"
"143","HD 154345",1,"HD 154345","HIP 83389",NA,255.651688,47.081882,2450547.11003,2454335.81712,3788.70708999969,8.7,1,55,"KECK","HD154345.sys"
"144","HD 154672",1,"HD 154672","HIP 83983",NA,257.520477,-56.449268,2453189.7132,2454581.870548,1392.15734799998,144.66,2,22,"6M, MAGELLAN","HD154672.sys"
"145","HD 154857",1.72,"HD 154857","HIP 84069",5605,257.815521,-56.680798,2452389.2358,2454037.8808,1648.64500000002,35.08,1,28,"AAT","HD154857.sys"
"146","HD 155358",1,"HD 155358","HIP 83949",NA,257.394226,33.355854,2452071.904837,2454167.924067,2096.01922999974,24.08,1,71,"HET","HD155358.sys"
"147","HD 156279",1,"HD 156279","HIP 84171",NA,258.09668,63.352093,2455330.5522,2455584.7229,254.170700000133,297,1,15,"ELODIE","HD156279.sys"
"148","HD 159868",1,"HD 159868","HIP 86375",NA,264.748016,-43.145515,2452390.2278,2454037.8961,1647.66830000002,26.16,1,28,"AAT","HD159868.sys"
"149","HD 160691",1.08,"HD 160691","HIP 86796",5807,266.036255,-51.834053,2451118.887431,2453886.76366,2767.87622900028,23.63,3,234,"AAT, 6M, EULER","HD160691.sys"
"150","HD 16141",1,"HD 16141","HIP 12048",NA,38.833035,-3.560602,2450365.988831,2453368.849144,3002.86031300016,7.79,1,71,"KECK","HD16141.sys"
"151","HD 16175",1,"HD 16175","HIP 12191",NA,39.257961,42.062634,2453338.681,2454904.639,1565.9580000001,55.29,1,44,"LICK","HD16175.sys"
"152","HD 162020",1,"HD 162020","HIP 87330",NA,267.659821,-40.318348,2451353.723098,2452196.493808,842.770709999837,1.11,1,46,"EULER","HD162020.sys"
"153","HD 163607",1.09,"HD 163607","HIP 87601",5543,268.418732,56.391956,2453570.8646,2455763.7659,2192.90130000003,38.21,1,53,"KECK","HD163607.sys"
"154","HD 16417",1,"HD 16417","HIP 12186",NA,39.244198,-34.577976,2450831.0428,2454705.0833,3874.04050000012,4.43,2,88,"KECK, AAT","HD16417.sys"
"155","HD 164509",1.13,"HD 164509","HIP 88268",5922,270.380127,0.104556,2453570.8176,2455723.9194,2153.10179999983,12.19,1,49,"KECK","HD164509.sys"
"156","HD 164604",1,"HD 164604","HIP 88414",NA,270.7789,-28.560644,2452808.7659,2455019.7039,2210.93800000008,36.19,1,18,"MAGELLAN","HD164604.sys"
"157","HD 164922",1,"HD 164922","HIP 88348",NA,270.628601,26.313002,2450275.965787,2453696.688423,3420.72263599979,6.1,1,64,"KECK","HD164922.sys"
"158","HD 167042",1.5,"HD 167042","HIP 89047",4943,272.631836,54.286552,2453077.3248,2454554.3268,1477.00199999986,24.22,2,60,"88M, LICK","HD167042.sys"
"159","HD 168443",0.99,"HD 168443","HIP 89844",5491,275.016388,-9.595722,2450603.01184,2454398.746424,3795.73458399996,337.37,3,206,"KECK, HJS, EULER","HD168443.sys"
"160","HD 168746",0.93,"HD 168746","HIP 90004",5564,275.457428,-11.922684,2451300.84305,2453546.888183,2246.04513300024,22.01,2,170,"KECK, EULER","HD168746.sys"
"161","HD 169830",1.4,"HD 169830","HIP 90485",6299,276.956177,-29.816866,2451296.792509,2451645.894411,349.10190200014,0.06,1,35,"EULER","HD169830.sys"
"162","HD 170469",1.14,"HD 170469","HIP 90593",5810,277.295746,11.695502,2451705.96808,2454250.01196,2544.04387999978,8.8,1,35,"KECK","HD170469.sys"
"163","HD 171028",0.99,"HD 171028",NA,5663,278.064552,6.945749,2453310.4946,2454196.8946,886.400000000373,0.04,1,19,"6M","HD171028.sys"
"164","HD 17156",1.24,"HD 17156","HIP 13192",6100,42.435364,71.753235,2453746.75853,2454546.83309,800.07455999963,85.89,6,128,"TNG, HJS, HET, SUBARU, KECK, 88M","HD17156.sys"
"165","HD 173416",2,"HD 173416","HIP 91852",4683,280.900452,36.556606,2453519.2335,2454796.9111,1277.67760000005,41.31,2,52,"16M, 88M","HD173416.sys"
"166","HD 175167",1,"HD 175167","HIP 93281",NA,285.003479,-69.944244,2453189.7359,2455017.7389,1828.00300000003,129.81,1,13,"MAGELLAN","HD175167.sys"
"167","HD 175541",1.65,"HD 175541","HIP 92895",5060,283.920349,4.265325,2450283.952,2453968.92,3684.96799999988,11.44,1,29,"KECK","HD175541.sys"
"168","HD 177830",1,"HD 177830","HIP 93746",NA,286.336548,25.92066,2450276.023462,2453552.030926,3276.00746400002,26.74,1,54,"KECK","HD177830.sys"
"169","HD 178911 B",1,"HD 178911 B","HIP 94075",NA,287.262939,34.59985,2451341.972222,2454400.59558,3058.62335800007,243.47,3,98,"HET, KECK, ELODIE","HD178911B.sys"
"170","HD 179079",1.15,"HD 179079","HIP 94256",5684,287.790955,-2.638385,2453197.99712,2454777.76256,1579.76544000022,6.22,1,74,"KECK","HD179079.sys"
"171","HD 179949",1.21,"HD 179949","HIP 94645",6168,288.888458,-24.179352,2451002.072951,2453911.90672,2909.83376899967,81.33,3,105,"KECK, AAT, HJS","HD179949.sys"
"172","HD 180314",1,"HD 180314","HIP 94576",NA,288.709198,31.86035,2453844.01193,2455267.30944,1423.29750999995,230.11,2,24,"SUBARU, 88M","HD180314.sys"
"173","HD 180902",1,"HD 180902","HIP 94951",NA,289.823792,-23.558155,2454339.767,2455169.685,829.918000000063,20.27,1,12,"KECK","HD180902.sys"
"174","HD 181342",1,"HD 181342","HIP 95124",NA,290.267639,-23.619572,2454339.768,2455169.686,829.918000000063,42.05,1,17,"KECK","HD181342.sys"
"175","HD 181433",0.78,"HD 181433","HIP 95467",4962,291.289856,-66.468796,2452797.865442,2454554.893271,1757.02782900026,0.01,1,107,"6M","HD181433.sys"
"176","HD 183263",1.17,"HD 183263","HIP 95740",5936,292.102386,8.358054,2452094.891736,2454398.763345,2303.87160900002,52.68,1,41,"KECK","HD183263.sys"
"177","HD 185269",1.28,"HD 185269","HIP 96507",5980,294.29892,28.499865,2453155.98,2453934.4256,778.44560000021,58.91,2,68,"LICK, ELODIE","HD185269.sys"
"178","HD 187085",1.22,"HD 187085","HIP 97546",6075,297.391541,-37.780552,2451120.917,2453665.9534,2545.0364000001,12.28,1,40,"AAT","HD187085.sys"
"179","HD 187123",1,"HD 187123","HIP 97336",5830,296.742126,34.419525,2450805.701678,2454343.841111,3538.13943300024,53.99,2,133,"KECK, ELODIE","HD187123.sys"
"180","HD 188015",1.09,"HD 188015","HIP 97769",5746,298.018921,28.100376,2451754.895579,2453549.9939,1795.09832100011,28.36,1,44,"KECK","HD188015.sys"
"181","HD 189733",0.84,"HD 189733","HIP 98505",5050,300.182129,22.710854,2452832.881794,2454341.649974,1508.76818000013,68.79,2,164,"6M, KECK","HD189733.sys"
"182","HD 190360",0.96,"HD 190360","HIP 98767",5590,300.905853,29.896805,2449611.4278,2454721.866019,5110.43821899965,16.23,3,176,"KECK, ELODIE, TILLINGHAST","HD190360.sys"
"183","HD 190647",1,"HD 190647","HIP 99115",NA,301.83197,-35.538631,2452852.6233,2453979.6654,1127.04209999973,0.02,1,21,"6M","HD190647.sys"
"184","HD 192263",1,"HD 192263","HIP 99711",NA,303.499359,-0.866877,2450984.058009,2453546.985231,2562.92722199997,44.25,2,212,"KECK, EULER","HD192263.sys"
"185","HD 192310",1,"HD 192310","HIP 99825",NA,303.822449,-27.032976,2453153.9276,2455501.54683,2347.61922999984,2.68,1,142,"ESO","HD192310.sys"
"186","HD 192699",1.68,"HD 192699","HIP 99894",5220,304.025024,4.580795,2453155.988,2454170.058,1014.0700000003,30.52,1,34,"LICK","HD192699.sys"
"187","HD 195019",1.07,"HD 195019","HIP 100970",5788,307.077637,18.769497,2451004.874132,2453723.717558,2718.84342599986,192.67,3,173,"LICK, KECK, HJS","HD195019.sys"
"188","HD 196050",1.15,"HD 196050","HIP 101806",5892,309.465454,-60.634483,2451118.945,2453632.025741,2513.08074100036,31.26,2,75,"AAT, EULER","HD196050.sys"
"189","HD 196885",1.28,"HD 196885","HIP 101966",6254,309.966156,11.249649,2445150.629,2454784.60365,9633.97464999976,385.96,4,187,"LICK, ELODIE, 0M, EULER","HD196885.sys"
"190","HD 19994",1.37,"HD 19994","HIP 14954",6190,48.193485,-1.196101,2451129.7068,2454496.57966,3366.87286,23.45,3,116,"HJS, HET, EULER","HD19994.sys"
"191","HD 202206",1.15,"HD 202206","HIP 104903",5765,318.740692,-20.789209,2451402.802702,2452219.556333,816.753630999941,0.39,1,95,"EULER","HD202206.sys"
"192","HD 2039",1.17,"HD 2039","HIP 1931",5941,6.084491,-56.650047,2451118.057282,2453579.224159,2461.16687700013,47.68,1,41,"AAT","HD2039.sys"
"193","HD 204313",1.02,"HD 204313","HIP 106006",5760,322.050873,-21.726255,2452840.892291,2455846.72438,3005.83208899992,41.22,1,36,"HJS","HD204313.sys"
"194","HD 205739",1.22,"HD 205739","HIP 106824",6176,324.535034,-31.737484,2453189.808,2454398.5065,1208.69849999994,36.72,1,24,"MAGELLAN","HD205739.sys"
"195","HD 206610",1,"HD 206610","HIP 107251",NA,325.85376,-7.408253,2454313.98,2455188.691,874.711000000127,26.65,1,24,"KECK","HD206610.sys"
"196","HD 20782",1,"HD 20782","HIP 15527",5758,50.014908,-28.854071,2451035.3195,2453632.2813,2596.9617999997,39.62,1,30,"AAT","HD20782.sys"
"197","HD 207832",0.94,"HD 207832","HIP 107985",5710,328.151184,-26.02656,2453191.07306,2455912.71141,2721.63835000014,21.45,1,86,"KECK","HD207832.sys"
"198","HD 208487",1.13,"HD 208487","HIP 108375",6067,329.332703,-37.763622,2451034.178356,2453664.985292,2630.80693600001,15.93,1,35,"AAT","HD208487.sys"
"199","HD 208527",1.6,"HD 208527","HIP 108296",4035,329.099945,21.239859,2454736.119458,2456088.318959,1352.19950099988,118.23,1,24,"BOAO","HD208527.sys"
"200","HD 20868",0.78,"HD 20868","HIP 15578",4795,50.177895,-33.730103,2452944.759761,2454649.925384,1705.16562299989,0.07,1,48,"6M","HD20868.sys"
"201","HD 209458",1.15,"HD 209458","HIP 108859",6117,330.794891,18.884319,2450681.5277,2453370.6986,2689.17089999979,61.43,3,272,"ELODIE, EULER, KECK","HD209458.sys"
"202","HD 210277",1.01,"HD 210277","HIP 109378",5555,332.374451,-7.548654,2450277.040643,2453927.90889,3650.86824700003,25.31,3,132,"KECK, HJS, EULER","HD210277.sys"
"203","HD 210702",1.68,"HD 210702","HIP 109577",4967,332.963867,16.04055,2453241.863,2454197.033,955.169999999925,21.99,1,29,"LICK","HD210702.sys"
"204","HD 212301",1,"HD 212301","HIP 110852",NA,336.878845,-77.717926,2452856.82311094,2453579.76714084,722.944029900245,0.04,1,23,"6M","HD212301.sys"
"205","HD 212771",1,"HD 212771","HIP 110813",NA,336.762787,-17.263659,2454339.83,2455188.695,848.864999999758,27.32,1,20,"KECK","HD212771.sys"
"206","HD 213240",1,"HD 213240","HIP 111143",NA,337.751526,-49.43327,2451034.199769,2453576.189384,2541.98961499985,67.13,2,102,"AAT, EULER","HD213240.sys"
"207","HD 216435",1.3,"HD 216435","HIP 113044",5999,343.408051,-48.598286,2451034.210521,2453702.978012,2668.76749100024,15.93,1,58,"AAT","HD216435.sys"
"208","HD 216437",1,"HD 216437","HIP 113137",NA,343.66452,-70.073708,2450830.941956,2453632.149926,2801.20796999987,30.91,2,60,"AAT, EULER","HD216437.sys"
"209","HD 216770",1,"HD 216770","HIP 113238",NA,343.973785,-26.658764,2451795.6279,2452622.5508,826.922899999656,0.02,1,16,"EULER","HD216770.sys"
"210","HD 217107",1.02,"HD 217107","HIP 113421",5646,344.564758,-2.395385,2451027.94043,2454721.944977,3694.00454699993,98.7,4,293,"LICK, KECK, HJS, EULER","HD217107.sys"
"211","HD 218566",1,"HD 218566","HIP 114322",NA,347.294708,-2.260742,2450366.85498,2455408.11285,5041.25787000032,7.25,1,56,"KECK","HD218566.sys"
"212","HD 219828",1,"HD 219828","HIP 115100",NA,349.694733,18.64572,2453509.928056,2453975.734459,465.806403000373,0.02,1,22,"6M","HD219828.sys"
"213","HD 220074",1.2,"HD 220074","HIP 115218",3935,350.059906,61.970127,2454726.297467,2456086.226927,1359.92946000025,178.21,1,32,"BOAO","HD220074.sys"
"214","HD 220773",1,"HD 220773","HIP 115697",NA,351.614349,8.643845,2452479.859725,2455790.952042,3311.09231700003,11.59,1,43,"HET","HD220773.sys"
"215","HD 221287",1,"HD 221287","HIP 116084",NA,352.834747,-58.209732,2452851.8534,2453980.7273,1128.87390000001,0.04,1,26,"6M","HD221287.sys"
"216","HD 222582",0.99,"HD 222582","HIP 116906",5727,355.464722,-5.985757,2450805.723194,2453571.112292,2765.38909800025,107.34,1,37,"KECK","HD222582.sys"
"217","HD 224693",1.33,"HD 224693","HIP 118319",6037,359.974304,-22.428114,2453191.097,2453752.761,561.663999999873,25.26,1,24,"KECK","HD224693.sys"
"218","HD 22781",1,"HD 22781","HIP 17187",NA,55.206356,31.82629,2454079.4169,2455444.6436,1365.2267,442.94,1,32,"ELODIE","HD22781.sys"
"219","HD 23079",1,"HD 23079","HIP 17096",NA,54.929562,-52.915836,2450831.068912,2453282.232874,2451.16396200005,50.58,1,19,"AAT","HD23079.sys"
"220","HD 23127",1.13,"HD 23127","HIP 17054",NA,54.848495,-60.077843,2451118.0928,2454037.1442,2919.05139999976,25.73,1,34,"AAT","HD23127.sys"
"221","HD 231701",1.14,"HD 231701","HIP 96078",6208,293.017334,16.474291,2453190.98047,2454286.00169,1095.02122,26.13,1,17,"KECK","HD231701.sys"
"222","HD 23596",1,"HD 23596","HIP 17747",NA,57.001556,40.530636,2450824.4283,2454427.65648,3603.22818000009,79.42,3,108,"HJS, HET, ELODIE","HD23596.sys"
"223","HD 240210",0.82,"HD 240210",NA,4297,347.621792,57.029456,2453187.41664,2454842.06283,1654.64619000023,113.73,1,38,"HET","HD240210.sys"
"224","HD 240237",1.69,"HD 240237","HIP 114840",4361,348.925934,58.04324,2453188.89793,2455118.79165,1929.89372000005,71.1,1,40,"HET","HD240237.sys"
"225","HD 2638",0.93,"HD 2638","HIP 2350",5192,7.499466,-5.764002,2452943.6177,2453377.5276,433.909900000319,0.05,1,28,"6M","HD2638.sys"
"226","HD 27442",1,"HD 27442","HIP 19921",NA,64.120956,-59.302155,2450831.081551,2453705.143256,2874.06170499977,19.74,1,55,"AAT","HD27442.sys"
"227","HD 27894",0.8,"HD 27894","HIP 20277",4875,65.19603,-59.410835,2452941.8267,2453378.6536,436.826899999753,0.04,1,20,"6M","HD27894.sys"
"228","HD 28185",1,"HD 28185","HIP 20723",NA,66.609673,-10.550821,2450627.6637,2454433.79452,3806.13082000008,80.96,3,89,"HET, MAGELLAN, EULER","HD28185.sys"
"229","HD 285968",0.45,"HD 285968","HIP 21932",3679,70.732407,18.958172,2450839.76,2454545.77,3706.01000000024,7.21,3,126,"KECK, 6M, HET","HD285968.sys"
"230","HD 2952",2.54,"HD 2952","HIP 2611",4844,8.293311,54.894985,2453024.9729,2456283.88204,3258.90914000012,21.73,1,63,"OAO","HD2952.sys"
"231","HD 30177",1.01,"HD 30177","HIP 21850",5588,70.476555,-58.020756,2451118.097373,2453400.993967,2282.89659400005,116.68,1,22,"AAT","HD30177.sys"
"232","HD 30562",1.23,"HD 30562","HIP 22336",5994,72.151604,-5.674045,2451174.91602,2454865.70517,3690.78915000008,21.18,1,45,"LICK","HD30562.sys"
"233","HD 31253",1,"HD 31253","HIP 22826",NA,73.681892,12.352201,2450838.75189,2455257.82898,4419.07709000027,8.83,1,39,"KECK","HD31253.sys"
"234","HD 32518",1.13,"HD 32518","HIP 24003",4580,77.403,69.639404,2453123.35101,2454338.486736,1215.13572600018,76.39,1,58,"JENSCH","HD32518.sys"
"235","HD 330075",0.7,"HD 330075","HIP 77517",5017,237.407043,-49.963524,2452851.4874,2453055.8885,204.401099999901,0.07,1,21,"6M","HD330075.sys"
"236","HD 33283",1.24,"HD 33283","HIP 23889",5995,77.004219,-26.797472,2453014.852,2453752.878,738.026000000071,13.73,1,25,"KECK","HD33283.sys"
"237","HD 3651",1,"HD 3651","HIP 3093",NA,9.840858,21.250473,2447047.8543,2454423.75714,7375.90284000011,11.01,5,228,"HJS, HET, LICK, KECK, KECK","HD3651.sys"
"238","HD 37124",1,"HD 37124","HIP 26381",NA,84.260361,20.730787,2450420.047,2453483.727,3063.68000000017,25.89,1,52,"KECK","HD37124.sys"
"239","HD 37605",1,"HD 37605","HIP 26664",5448,85.00721,6.060579,2453002.671503,2455843.017282,2840.34577899985,117.28,3,138,"KECK, HET, 1M","HD37605.sys"
"240","HD 38529",1,"HD 38529","HIP 27253",NA,86.64547,1.168193,2450418.959317,2454822.725625,4403.76630799985,113.29,4,284,"LICK, KECK, HJS, HET","HD38529.sys"
"241","HD 38801",1,"HD 38801","HIP 27384",NA,86.996567,-8.3277,2453695.0902,2454838.9756,1143.88540000003,131.47,2,21,"SUBARU, KECK","HD38801.sys"
"242","HD 39091",1,"HD 39091","HIP 26394",NA,84.291214,-80.469124,2450829.992998,2453669.243351,2839.25035300013,167.36,1,42,"AAT","HD39091.sys"
"243","HD 40307",0.77,"HD 40307","HIP 27887",4956,88.51767,-60.023472,2453692.733407,2454570.474826,877.741419000085,0,1,129,"6M","HD40307.sys"
"244","HD 40979",1,"HD 40979","HIP 28767",NA,91.124763,44.260445,2450831.771644,2454419.02519,3587.25354599999,76.6,4,160,"HJS, HET, LICK, KECK","HD40979.sys"
"245","HD 4203",1.13,"HD 4203","HIP 3502",5702,11.171676,20.448927,2450757.1224,2453752.814468,2995.69206799986,22.64,2,37,"KECK, KECK","HD4203.sys"
"246","HD 4208",1,"HD 4208","HIP 3479",NA,11.111043,-26.51568,2450366.965706,2453604.081991,3237.116285,14.8,1,41,"KECK","HD4208.sys"
"247","HD 4308",0.83,"HD 4308","HIP 3497",5685,11.163615,-65.649521,2452899.77052,2454431.997618,1532.22709800024,3.66,2,113,"AAT, 6M","HD4308.sys"
"248","HD 4313",1,"HD 4313","HIP 3574",NA,11.41816,7.845021,2454339.932,2455250.713,910.780999999959,32.72,1,28,"KECK","HD4313.sys"
"249","HD 43691",1.38,"HD 43691","HIP 30057",6200,94.894485,41.092304,2453333.6255,2454155.4284,821.80290000001,85.52,2,36,"ELODIE, ELODIE","HD43691.sys"
"250","HD 45350",1.02,"HD 45350","HIP 30860",5616,97.19046,38.962963,2451543.998299,2453771.59327,2227.59497100022,30.71,3,111,"KECK, HJS, HET","HD45350.sys"
"251","HD 45364",1,"HD 45364","HIP 30579",NA,96.410316,-31.480953,2452984.709298,2454567.481355,1582.77205699962,0.01,1,58,"6M","HD45364.sys"
"252","HD 45652",1,"HD 45652","HIP 30905",NA,97.304962,10.933891,2453692.6599,2454176.55337,483.89347000001,32.44,3,45,"ELODIE, ELODIE, EULER","HD45652.sys"
"253","HD 46375",1,"HD 46375","HIP 31246",NA,98.302597,5.462925,2451070.136667,2453751.911354,2681.77468700008,26.25,1,50,"KECK","HD46375.sys"
"254","HD 47186",1,"HD 47186","HIP 31540",NA,99.036613,-27.622297,2452988.703004,2454571.499089,1582.79608500004,0.01,1,66,"6M","HD47186.sys"
"255","HD 4732",1.74,"HD 4732","HIP 3834",4959,12.308117,-24.136671,2453249.25552,2455937.88506,2688.62953999965,34.5,1,48,"OAO","HD4732.sys"
"256","HD 47536",1,"HD 47536","HIP 31688",NA,99.44841,-32.339733,2451498.85813,2452321.57905,822.72091999976,74.45,1,38,"52M","HD47536.sys"
"257","HD 48265",1,"HD 48265","HIP 31895",NA,100.007195,-48.541954,2450920.8629,2454726.779101,3805.9162010001,25.14,2,25,"6M, MAGELLAN","HD48265.sys"
"258","HD 49674",1,"HD 49674","HIP 32916",NA,102.877151,40.867756,2450883.058,2453753.854884,2870.79688399984,9.82,2,63,"KECK, KECK","HD49674.sys"
"259","HD 50499",1,"HD 50499","HIP 32970",NA,103.008438,-33.915562,2450418.985,2453483.722,3064.7370000002,20.7,1,35,"KECK","HD50499.sys"
"260","HD 50554",1,"HD 50554","HIP 33212",NA,103.678436,24.245558,2450769.6416,2462294.897,11525.2553999997,51.79,5,118,"LICK, KECK, ELODIE, LICK, KECK","HD50554.sys"
"261","HD 52265",1.2,"HD 52265","HIP 33719",6103,105.07515,-5.367162,2450838.880579,2453368.979537,2530.09895800008,32.94,2,119,"KECK, EULER","HD52265.sys"
"262","HD 5319",1.51,"HD 5319","HIP 4297",4958,13.755836,0.789553,2453014.75563,2454129.77461,1115.01898000017,21.01,1,30,"KECK","HD5319.sys"
"263","HD 5608",1.55,"HD 5608","HIP 4552",4854,14.559246,33.950886,2452690.92265,2455881.13007,3190.20741999988,21.22,1,43,"OAO","HD5608.sys"
"264","HD 60532",1.44,"HD 60532","HIP 36795",6095,113.513252,-22.296066,2453777.734329,2454639.460902,861.726572999731,0.03,1,147,"6M","HD60532.sys"
"265","HD 62509",1,"HD 62509","HIP 37826",NA,116.328957,28.026199,2447430.953,2454507.058596,7076.10559599986,34.17,6,329,"8M, CAT, 7M, 1M, JENSCH, HJS","HD62509.sys"
"266","HD 63454",1,"HD 63454","HIP 37284",NA,114.841049,-78.278969,2453047.6249,2453377.779,330.154099999927,0.05,1,26,"6M","HD63454.sys"
"267","HD 6434",1,"HD 6434","HIP 5054",NA,16.167295,-39.488216,2451142.6802,2452643.5488,1500.86860000016,0.03,1,130,"EULER","HD6434.sys"
"268","HD 65216",0.92,"HD 65216","HIP 38558",5666,118.422173,-63.647324,2451256.5394,2452716.6371,1460.09769999981,0.02,1,70,"EULER","HD65216.sys"
"269","HD 66428",1.1,"HD 66428","HIP 39417",5752,120.869438,-1.162709,2451883.044479,2453753.924354,1870.8798750001,19.13,1,29,"KECK","HD66428.sys"
"270","HD 68988",1,"HD 68988","HIP 40687",NA,124.592384,61.460724,2450552.0229,2453753.917002,3201.8941019997,121.49,3,47,"KECK, LICK, KECK","HD68988.sys"
"271","HD 69830",1,"HD 69830","HIP 40693",NA,124.599777,-12.632174,2452939.87402,2453765.66138,825.787359999958,0,1,74,"6M","HD69830.sys"
"272","HD 70642",1,"HD 70642","HIP 40952",NA,125.367233,-39.70541,2450830.108194,2453519.89141,2689.78321600007,20.64,1,28,"AAT","HD70642.sys"
"273","HD 72659",1,"HD 72659","HIP 42030",NA,128.51329,-1.568217,2450838.893403,2454431.99247,3593.09906699974,21.56,2,85,"HET, KECK","HD72659.sys"
"274","HD 73267",1,"HD 73267","HIP 42202",NA,129.074066,-34.45998,2453031.73061,2454618.463621,1586.73301099986,0.05,1,39,"6M","HD73267.sys"
"275","HD 73526",1,"HD 73526","HIP 42282",NA,129.31868,-41.319103,2451212.1302,2452454.8529,1242.72269999981,69.02,1,18,"AAT","HD73526.sys"
"276","HD 73534",1,"HD 73534","HIP 42446",NA,129.815842,12.960376,2453014.92199,2454780.12264,1765.20065000001,13.92,1,20,"KECK","HD73534.sys"
"277","HD 74156",1,"HD 74156","HIP 42723",NA,130.604675,4.578097,2450823.557,2454231.60002,3408.04301999975,84.2,3,177,"HET, ELODIE, EULER","HD74156.sys"
"278","HD 75289",1,"HD 75289","HIP 43177",NA,131.918289,-41.736794,2450830.165625,2453518.916127,2688.7505020001,39.2,2,118,"AAT, EULER","HD75289.sys"
"279","HD 75898",1,"HD 75898","HIP 43674",NA,133.461685,33.056812,2453014.94581,2454129.98648,1115.04067000002,52.33,1,20,"KECK","HD75898.sys"
"280","HD 76700",1,"HD 76700","HIP 43686",NA,133.481308,-66.800995,2451212.15647,2453519.907829,2307.75135900034,21.21,1,35,"AAT","HD76700.sys"
"281","HD 7924",1,"HD 7924","HIP 6379",NA,20.496313,76.710281,2452187.97,2454727.989,2540.01899999985,4.03,1,93,"KECK","HD7924.sys"
"282","HD 79498",1,"HD 79498","HIP 45406",NA,138.789169,23.375549,2453038.861392,2455699.623894,2660.76250199974,18.41,1,65,"HJS","HD79498.sys"
"283","HD 80606",0.97,"HD 80606","HIP 45982",5645,140.65654,50.603722,2451293.846,2454988.81684,3694.97084000008,201.58,6,224,"HET, ELODIE, ELODIE, KECK, KECK, ELODIE","HD80606.sys"
"284","HD 81040",1,"HD 81040","HIP 46076",NA,140.946198,20.364454,2451291.36542,2453518.3525,2226.98707999988,129.7,2,26,"KECK, ELODIE","HD81040.sys"
"285","HD 81688",1,"HD 81688","HIP 46471",NA,142.166626,45.601482,2452311.1798,2454255.9738,1944.79399999976,47.54,1,81,"88M","HD81688.sys"
"286","HD 82943",1.2,"HD 82943","HIP 47007",6016,143.711395,-12.129546,2452006.913,2453397.908,1390.99499999965,43.19,1,23,"KECK","HD82943.sys"
"287","HD 83443",1,"HD 83443","HIP 47202",NA,144.299286,-43.272205,2450898.0961,2453426.947188,2528.851088,41.95,4,328,"KECK, AAT, KECK, EULER","HD83443.sys"
"288","HD 8574",1,"HD 8574","HIP 6643",NA,21.302153,28.566692,2450825.3036,2454434.54809,3609.24448999995,41.59,5,127,"HJS, HET, LICK, KECK, ELODIE","HD8574.sys"
"289","HD 86081",1,"HD 86081","HIP 48711",NA,149.024658,-3.808422,2453694.156,2453781.064,86.9079999998212,177.73,1,26,"KECK","HD86081.sys"
"290","HD 86226",1.06,"HD 86226","HIP 48739",5903,149.124359,-24.09939,2452626.8679,2455019.4585,2392.59060000023,14.31,1,13,"MAGELLAN","HD86226.sys"
"291","HD 86264",1,"HD 86264","HIP 48780",NA,149.240997,-15.895122,2451913.97949,2454865.90181,2951.92232000036,75.87,1,37,"LICK","HD86264.sys"
"292","HD 87883",1,"HD 87883","HIP 49699",NA,152.179749,34.24226,2451998.93369,2452009.42729,10.4936000001617,17.24,2,69,"LICK, KECK","HD87883.sys"
"293","HD 88133",1,"HD 88133","HIP 49813",NA,152.531982,18.186871,2453014.947812,2453483.920336,468.972524000332,22,1,21,"KECK","HD88133.sys"
"294","HD 89307",1,"HD 89307","HIP 50473",NA,154.588699,12.621108,2450831.87988,2454865.91973,4034.03985000029,21.46,1,59,"LICK","HD89307.sys"
"295","HD 89744",1,"HD 89744","HIP 50786",NA,155.544006,41.22953,2451478.050157,2454421.94999,2943.89983300027,175.04,3,92,"HJS, HET, LICK","HD89744.sys"
"296","HD 92788",1,"HD 92788","HIP 52409",NA,160.702209,-2.183756,2450831.907766,2453426.968449,2595.0606829999,59.07,3,113,"LICK, KECK, EULER","HD92788.sys"
"297","HD 93083",1,"HD 93083","HIP 52521",NA,161.087143,-33.577023,2453017.84496,2453400.79648,382.951520000119,0.01,1,16,"6M","HD93083.sys"
"298","HD 95089",1,"HD 95089","HIP 53666",NA,164.698898,1.729216,2454216.851,2455252.034,1035.18300000019,16.91,1,22,"KECK","HD95089.sys"
"299","HD 96127",1,"HD 96127","HIP 54232",NA,166.441452,44.301559,2453027.03749,2454870.9839,1843.94640999986,72.5,1,50,"HET","HD96127.sys"
"300","HD 96167",1,"HD 96167","HIP 54195",NA,166.31279,-10.291301,2453015.11,2454847.065,1831.95500000007,11.37,1,47,"KECK","HD96167.sys"
"301","HD 99109",0.93,"HD 99109","HIP 55664",5272,171.072327,-1.529076,2451172.094676,2453754.016829,2581.92215299979,11.03,1,41,"KECK","HD99109.sys"
"302","HD 99492",1,"HD 99492","HIP 55848",NA,171.692825,3.006328,2450462.113958,2453754.021985,3291.90802699979,6.82,1,51,"KECK","HD99492.sys"
"303","HIP 12961",1,NA,"HIP 12961",NA,41.678692,-23.086611,2452991.634308,2455217.599913,2225.96560500003,19.05,1,46,"ESO","HIP12961.sys"
"304","HIP 14810",1,NA,"HIP 14810",NA,47.809292,21.097359,2453693.76627,2454805.83497,1112.06870000018,298.38,1,53,"KECK","HIP14810.sys"
"305","HIP 57050",1,NA,"HIP 57050",NA,175.435974,42.751972,2451581.04559,2455203.11589,3622.07029999979,25.35,1,37,"KECK","HIP57050.sys"
"306","HIP 75458",1.05,"HD 137759","HIP 75458",4530,231.232391,58.966064,2451685.853516,2453552.782118,1866.92860200023,172.54,1,119,"LICK","HIP75458.sys"
"307","HIP 79431",1,NA,"HIP 79431",NA,243.174057,-18.875504,2454928.07496,2455106.73408,178.659119999968,111.74,1,13,"KECK","HIP79431.sys"
"308","HR 810",1,"HD 17051","HIP 12653",NA,40.639442,-50.800293,2448930.747,2453576.284016,4645.53701600013,52.5,3,146,"AAT, EULER, CAT","HR810.sys"
"309","KELT-6",1.08,NA,NA,6102,195.981873,30.640051,2456029.869867,2456504.645862,474.775995000266,41.56,2,40,"FLWO, KECK","KELT-6.sys"
"310","Kepler-100",1.08,NA,NA,5825,291.385986,41.990273,2454989.010954,2456209.725678,1220.71472400008,5.16,1,49,"KECK","Kepler-100.sys"
"311","Kepler-6",1.21,NA,NA,5647,296.83725,48.239964,2454986.087289,2455044.019956,57.9326670002192,58.56,1,9,"KECK","Kepler-6.sys"
"312","Kepler-68",1.08,NA,NA,5793,291.032318,49.040272,2455313.082,2456151.061,837.979000000283,18.69,1,52,"KECK","Kepler-68.sys"
"313","Kepler-7",1.35,NA,NA,5933,288.581512,41.089798,2455107.37937,2455116.37077,8.99139999970794,29.79,1,9,"NOT","Kepler-7.sys"
"314","Kepler-74",1.18,NA,NA,6000,293.092529,41.355522,2455989.6552,2456159.3891,169.733899999876,51.85,2,17,"ELODIE, TNG","Kepler-74.sys"
"315","Kepler-75",0.91,NA,NA,5200,291.137604,36.577385,2456155.5647,2456192.3927,36.8280000002123,750.68,2,11,"ELODIE, TNG","Kepler-75.sys"
"316","Kepler-77",0.95,NA,NA,5520,289.607971,44.345425,2455701.82595,2456214.34702,512.52107000025,46.52,2,15,"MCDONALD, NOT","Kepler-77.sys"
"317","Kepler-8",1.21,NA,NA,6213,281.288116,42.45108,2454984.04,2455135.79,151.75,55.06,1,24,"KECK","Kepler-8.sys"
"318","Lupus-TR-3",0.87,NA,NA,5000,232.577576,-42.979908,2454272.633942,2454275.687073,3.05313099967316,0.13,1,15,"MAGELLAN","Lupus-TR-3.sys"
"319","NGC 4349 127",1,NA,NA,NA,186.147812,-61.820004,2453449.782978,2454233.616624,783.833645999897,0.08,1,20,"6M","NGC4349127.sys"
"320","OGLE-TR-056",1.23,NA,NA,6050,269.147958,-29.539222,2452480.9239,2452864.8389,383.915000000037,242.89,1,11,"KECK","OGLE-TR-056.sys"
"321","OGLE-TR-10",1.14,NA,NA,5950,267.867708,-29.876361,2452481.7946,2453209.7727,727.978099999949,110.94,3,25,"VLT, VLT, KECK","OGLE-TR-10.sys"
"322","OGLE-TR-111",0.85,NA,NA,5040,163.324625,-61.405639,2453078.6042,2453085.60721,7.00301000010222,60.39,1,8,NA,"OGLE-TR-111.sys"
"323","OGLE-TR-113",0.78,NA,NA,4790,163.101667,-61.446806,2452690.6259,2453085.6072,394.981300000101,204.7,2,15,"MAGELLAN, VLT","OGLE-TR-113.sys"
"324","OGLE-TR-132",1.3,NA,NA,6210,162.644667,-61.957194,2453081.72913,2453085.64253,3.91339999996126,115.55,1,5,NA,"OGLE-TR-132.sys"
"325","OGLE-TR-182",1.14,NA,NA,5924,167.327957,-61.095257,2453791.7441,2454209.6534,417.909300000407,0.1,1,24,NA,"OGLE-TR-182.sys"
"326","OGLE-TR-211",1.33,NA,NA,6325,160.059952,-62.455601,2453793.81192,2454209.6147,415.802780000027,0.11,1,20,NA,"OGLE-TR-211.sys"
"327","OGLE2-TR-L9",1.52,NA,NA,6933,166.979919,-61.146263,2454465.8421,2454496.7703,30.9281999999657,0.5,1,8,"VLT","OGLE2-TR-L9.sys"
"328","Pr0201",1.23,NA,NA,6174,130.432602,20.226891,2455932.841253,2456033.638578,100.797325000167,54.15,1,33,"FLWO","Pr0201.sys"
"329","Pr0211",0.95,NA,NA,5326,130.547882,19.277044,2455986.772462,2456033.654723,46.8822609996423,226.98,1,18,"FLWO","Pr0211.sys"
"330","Qatar-2",0.74,NA,NA,4645,207.655869,-6.804028,2455580.011622,2455733.70668,153.695057999808,431.72,1,44,"FLWO","Qatar-2.sys"
"331","TrES-1",0.88,NA,NA,5230,286.041017,36.632649,2453191.77,2453908.08345,716.313449999783,56.56,2,28,"SUBARU, KECK","TrES-1.sys"
"332","TrES-2",0.98,NA,NA,5850,286.808477,49.316407,2453949.76054,2454217.12911,267.368569999933,75.11,2,67,"KECK, KECK","TrES-2.sys"
"333","TrES-3",0.93,NA,NA,5650,268.029292,37.546139,2454187.04136,2454372.86102,185.819660000037,245.84,1,11,"KECK","TrES-3.sys"
"334","TrES-4",1.4,NA,NA,6200,268.304407,37.211769,2454187.07793,2454616.8309,429.752969999798,37.22,2,35,"SUBARU, KECK","TrES-4.sys"
"335","TrES-5",0.89,NA,NA,5171,305.221832,59.448788,2455456.847578,2455673.945954,217.0983760003,282.64,1,8,"FLWO","TrES-5.sys"
"336","WASP-1",1.3,NA,NA,6110,5.166984,31.989943,2453979.6311,2453982.6758,3.04469999996945,0.08,1,7,"ELODIE","WASP-1.sys"
"337","WASP-10",0.75,NA,NA,4675,348.99292,31.462852,2454340.569,2454512.262,171.69299999997,465.19,2,14,"ELODIE, NOT","WASP-10.sys"
"338","WASP-11",0.83,NA,NA,4980,47.368965,30.673594,2454462.395,2454806.81967,344.424670000095,62.03,3,21,"KECK, ELODIE, NOT","WASP-11.sys"
"339","WASP-12",1.35,NA,NA,6300,97.636642,29.672291,2454509.38633,2455283.35164,773.965309999883,115.42,2,50,"ELODIE, ELODIE","WASP-12.sys"
"340","WASP-13",1.09,NA,NA,5826,140.102982,33.882439,2454508.48441,2454512.65565,4.17124000005424,0.04,1,11,"ELODIE","WASP-13.sys"
"341","WASP-14",1.21,NA,NA,6475,218.276474,21.894714,2454461.74,2455015.91393,554.173929999582,447.56,5,82,"SUBARU, KECK, ELODIE, ELODIE, NOT","WASP-14.sys"
"342","WASP-15",1.18,NA,NA,6300,208.927933,-32.159607,2454531.8146,2454664.5932,132.778599999845,0.05,1,21,"EULER","WASP-15.sys"
"343","WASP-16",1.02,NA,NA,5700,214.683029,-20.275484,2454535.864842,2454985.694776,449.829934000038,0.09,1,30,"EULER","WASP-16.sys"
"344","WASP-17",1.2,NA,NA,6550,239.962311,-28.061733,2454329.6037,2454951.8719,622.268200000282,54.89,2,44,"6M, EULER","WASP-17.sys"
"345","WASP-19",0.94,NA,NA,5460,148.417007,-45.659191,2454616.46326,2454944.52955,328.066289999988,0.19,1,34,"EULER","WASP-19.sys"
"346","WASP-2",0.89,NA,NA,5200,307.725555,6.429536,2453981.5065,2453998.3415,16.8349999999627,0.17,1,9,"ELODIE","WASP-2.sys"
"347","WASP-21",0.89,NA,NA,5800,347.492706,18.396086,2454462.336,2455130.6417,668.30569999991,35.34,4,42,"ELODIE, ESO, NOT, ESO","WASP-21.sys"
"348","WASP-22",1.11,NA,NA,5958,52.818043,-23.819702,2454704.8563,2455190.669,485.812700000126,63.3,2,43,"6M, EULER","WASP-22.sys"
"349","WASP-24",1.18,NA,NA,6075,227.215591,2.343304,2455281.6933,2455297.9076,16.2143000001088,43.72,1,63,"ESO","WASP-24.sys"
"350","WASP-25",1,NA,NA,5703,195.359879,-27.5222,2454829.8227,2455010.5967,180.774000000209,59.29,1,29,"ESO","WASP-25.sys"
"351","WASP-26",1.11,NA,NA,5939,4.602897,-15.267305,2455001.927439,2455096.728728,94.8012890000828,0.09,1,16,"EULER","WASP-26.sys"
"352","WASP-3",1.24,NA,NA,6400,278.631805,35.661533,2454286.5225,2454986.920247,700.397747000214,133.47,2,40,"KECK, ELODIE","WASP-3.sys"
"353","WASP-32",1.1,NA,NA,6100,3.961682,1.200451,2455828.581434,2455831.811104,3.22967000026256,177.69,1,36,"ESO","WASP-32.sys"
"354","WASP-33",1.5,"HD 15082","HIP 11397",7430,36.712746,37.550484,2454070.4555,2454165.3654,94.9098999998532,1.28,1,29,"JENSCH","WASP-33.sys"
"355","WASP-36",1.04,NA,NA,5959,131.580399,-8.026946,2455266.6926,2455572.7427,306.050099999644,323.54,1,19,"ESO","WASP-36.sys"
"356","WASP-37",0.93,NA,NA,5800,221.943985,1.064966,2455304.4975,2455376.6684,72.1708999997936,182.77,2,13,"ELODIE, ESO","WASP-37.sys"
"357","WASP-38",1.2,"HD 146389",NA,6150,243.959839,10.032566,2455727.508875,2455727.764376,0.255501000210643,41.96,1,63,"ESO","WASP-38.sys"
"358","WASP-39",0.93,NA,NA,5400,217.326706,-3.444534,2455304.4704,2455380.6376,76.1672000000253,38.33,2,17,"ELODIE, ESO","WASP-39.sys"
"359","WASP-4",0.89,NA,NA,5436,353.562836,-42.061428,2454359.71082,2454409.51932,49.80849999981,0.15,1,14,"EULER","WASP-4.sys"
"360","WASP-42",0.88,NA,NA,5200,192.981552,-42.073608,2455292.854819,2455693.501039,400.646220000461,38.08,2,62,"ESO, ESO","WASP-42.sys"
"361","WASP-43",0.58,NA,NA,4400,154.908371,-9.806276,2455205.7594,2455392.4602,186.700800000224,391.5,1,15,"ESO","WASP-43.sys"
"362","WASP-44",0.95,NA,NA,5410,3.903165,-11.938115,2455378.8533,2455482.66,103.806700000074,94.36,1,17,"ESO","WASP-44.sys"
"363","WASP-45",0.91,NA,NA,5140,5.237497,-35.99826,2455388.9353,2455482.6826,93.74729999993,121.58,1,13,"ESO","WASP-45.sys"
"364","WASP-46",0.96,NA,NA,5620,318.736969,-55.87178,2455334.8428,2455454.701,119.858199999668,338.18,1,16,"ESO","WASP-46.sys"
"365","WASP-5",0.96,NA,NA,5700,359.348999,-41.277149,2454359.61457,2454387.644986,28.0304159997031,0.19,1,11,"EULER","WASP-5.sys"
"366","WASP-52",0.87,NA,NA,5000,348.494751,8.761262,2455413.7375,2455858.5814,444.843900000211,74.91,2,64,"ELODIE, ESO","WASP-52.sys"
"367","WASP-54",1.21,NA,NA,6100,205.454315,-0.128076,2455413.4899,2455677.5887,264.098800000269,62.39,2,23,"ELODIE, ESO","WASP-54.sys"
"368","WASP-55",1.01,NA,NA,5960,203.758118,-17.503464,2455591.7843,2455764.5358,172.751500000246,54.75,1,20,"ESO","WASP-55.sys"
"369","WASP-56",1.02,NA,NA,5600,183.366287,23.055698,2455647.4063,2455687.4977,40.0914000002667,64.93,1,13,"ELODIE","WASP-56.sys"
"370","WASP-57",0.95,NA,NA,5600,223.820099,-2.057665,2455627.7898,2455767.5688,139.779000000097,70.06,2,25,"ELODIE, ESO","WASP-57.sys"
"371","WASP-58",0.94,NA,NA,5800,274.70105,45.172016,2455744.4674,2455777.345,32.8776000002399,84.8,1,15,"ELODIE","WASP-58.sys"
"372","WASP-59",0.72,NA,NA,4650,349.623138,24.88929,2455745.5453,2455777.5466,32.00130000012,84.97,1,12,"ELODIE","WASP-59.sys"
"373","WASP-6",0.88,NA,NA,5450,348.157257,-22.673937,2454359.687716,2454755.730495,396.04277900001,39.58,2,79,"6M, EULER","WASP-6.sys"
"374","WASP-61",1.22,NA,NA,6320,75.29966,-26.054144,2455570.7149,2455868.8371,298.1222000001,182.14,1,15,"ESO","WASP-61.sys"
"375","WASP-62",1.25,NA,NA,6280,87.139961,-63.988434,2455651.4898,2456021.5148,370.024999999907,44.17,1,25,"ESO","WASP-62.sys"
"376","WASP-63",1.32,NA,NA,5570,94.336433,-38.323257,2455598.7288,2456021.5498,422.820999999996,33.47,1,23,"ESO","WASP-63.sys"
"377","WASP-64",1,NA,NA,5400,101.115044,-32.858402,2455622.652685,2455872.762875,250.110189999919,142.8,1,16,"ESO","WASP-64.sys"
"378","WASP-66",1.3,NA,NA,6580,158.22496,-34.989845,2455572.7155,2456000.6947,427.979199999943,189.16,1,30,"ESO","WASP-66.sys"
"379","WASP-67",0.87,NA,NA,5240,295.743835,-19.949596,2455765.7296,2455851.505,85.775399999693,40.03,1,19,"ESO","WASP-67.sys"
"380","WASP-7",1.28,"HD 197286",NA,6400,311.042603,-39.225273,2454329.71524,2454386.61194,56.8967000003904,0.07,1,11,"EULER","WASP-7.sys"
"381","WASP-72",1.39,NA,NA,6250,41.039997,-30.169039,2455570.618144,2455924.584434,353.966289999895,140.35,1,18,"ESO","WASP-72.sys"
"382","WASP-77 A",1,NA,NA,5500,37.155113,-7.060681,2455069.7803,2455918.6645,848.884199999738,244.62,2,19,"ESO, ESO","WASP-77A.sys"
"383","WASP-78",1.17,NA,NA,6100,63.756241,-22.116434,2455843.809136,2455925.588245,81.7791090002283,96.1,1,17,"ESO","WASP-78.sys"
"384","WASP-79",1.38,NA,NA,6600,66.370903,-30.600445,2455542.631324,2455964.627451,421.996126999613,73.14,1,22,"ESO","WASP-79.sys"
"385","XO-1",1.03,NA,NA,5750,240.549334,28.169564,2453770.947,2453824.815,53.8679999997839,96.21,2,10,"HJS, HET","XO-1.sys"
"386","XO-2 N",0.97,NA,NA,5332,117.026951,50.225815,2454127.6626,2454168.7572,41.0945999999531,51.7,1,16,"HET","XO-2N.sys"
"387","XO-3",1.21,NA,NA,6429,65.469582,57.817181,2454005.8587,2454864.9855,859.126799999736,666.65,4,115,"ELODIE, KECK, HJS, HET","XO-3.sys"
"388","XO-4",1.32,NA,NA,5700,110.388222,58.268108,2454455.7622,2454480.8856,25.123399999924,155.41,1,9,"HJS","XO-4.sys"
"389","XO-5",0.88,NA,NA,5370,116.71653,39.094578,2450186.94763,2454479.6874,4292.73977000033,107.74,2,26,"HET, KECK","XO-5.sys"
"390","alf Ari",1.5,"HD 12929","HIP 9884",4553,31.793364,23.462423,2452948.10923,2455247.987167,2299.87793699978,27.23,1,678,"BOAO","alfAri.sys"
"391","eps CrB",1.7,"HD 143107","HIP 78159",4406,239.396881,26.87788,2453430.324001,2455933.363483,2503.03948200028,79.5,1,52,"BOAO","epsCrB.sys"
"392","eps Eri",0.83,"HD 22049","HIP 16537",NA,53.232685,-9.458262,2444534.087,2453809.085,9274.99800000014,15.66,3,186,"LICK, HJS, CFHT","epsEri.sys"
"393","eps Tau",2.7,"HD 28305","HIP 20889",4901,67.154167,19.180431,2453000.0817,2453938.3112,938.229499999899,69.03,1,20,"88M","epsTau.sys"
"394","gam 1 Leo",1.23,"HD 89484","HIP 50583 A",4330,154.993149,19.841488,2452776.107091,2454971.053095,2194.94600400003,0.16,1,205,"8M","gam1Leo.sys"
"395","gam Cep",1.59,"HD 222404","HIP 116727",4888,354.836884,77.632278,2413875.21,2453337.6691,39462.4591000001,704.22,10,280,"HJS, HJS, HJS, CFHT, TILLINGHAST, LICK, 6M, INCH, ELODIE, SMITHSONIAN","gamCep.sys"
"396","kap CrB",1.51,"HD 142091","HIP 77655",4877,237.808044,35.657383,2453121.906,2454400.61,1278.70399999991,17.57,1,48,"LICK","kapCrB.sys"
"397","ome Ser",2.17,"HD 141680","HIP 77578",4770,237.573105,2.196509,2451949.32661,2456297.38811,4348.0615000003,26.79,1,123,"OAO","omeSer.sys"
"398","omi CrB",2.13,"HD 136512","HIP 75049",4749,230.03566,29.616209,2452350.23364,2455853.91399,3503.68034999957,28.34,1,85,"OAO","omiCrB.sys"
"399","omi UMa",3.09,"HD 71369","HIP 41704",5242,127.566124,60.71817,2453000.21377,2455625.05259,2624.83882000018,26.27,1,26,"OAO","omiUMa.sys"
"400","rho CrB",1,"HD 143761","HIP 78459",NA,240.261093,33.303509,2450563.901411,2452450.818566,1886.91715499992,38.68,1,26,"LICK","rhoCrB.sys"
"401","tau Boo",1.34,"HD 120136","HIP 67275",6400,206.815598,17.456905,2446958.7899,2452380.815012,5422.02511199983,342.57,1,98,"LICK","tauBoo.sys"
"402","ups And",1,"HD 9826","HIP 7513",NA,24.199345,41.40546,2449617.921,2454428.702007,4810.78100699978,77.84,4,448,"LICK, ELODIE, HJS, TILLINGHAST","upsAnd.sys"
"403","xi Aql",1,"HD 188310","HIP 97938",NA,298.562012,8.461452,2453102.2929,2454254.1264,1151.83350000018,54.82,1,26,"88M","xiAql.sys"
